{"urban_planning": {"means": {"training_time": 93.98175644874573, "eval_loss": NaN, "global_loss": 0.8943954110145569, "local_loss": 0.9305539727210999, "cost_loss": NaN}}}