{"urban_planning": {"means": {"training_time": 106.3979766368866, "eval_loss": NaN, "global_loss": 0.9685001969337463, "local_loss": 1.067929744720459, "cost_loss": NaN}}}