{"urban_planning": {"means": {"training_time": 84.30954122543335, "eval_loss": NaN, "global_loss": 0.9586964249610901, "local_loss": 1.0526478290557861, "cost_loss": NaN}}}