{"urban_planning": {"means": {"training_time": 104.54931855201721, "eval_loss": NaN, "global_loss": 0.9332205653190613, "local_loss": 1.0253057479858398, "cost_loss": NaN}}}