{"urban_planning": {"means": {"training_time": 106.2142083644867, "eval_loss": NaN, "global_loss": 0.9248520135879517, "local_loss": 1.0059908628463745, "cost_loss": NaN}}}