{"urban_planning": {"means": {"training_time": 85.63581705093384, "eval_loss": NaN, "global_loss": 0.9160219430923462, "local_loss": 0.9090791344642639, "cost_loss": NaN}}}