{"urban_planning": {"means": {"training_time": 84.97265243530273, "eval_loss": NaN, "global_loss": 0.9952377080917358, "local_loss": 1.0149931907653809, "cost_loss": NaN}}}