{"urban_planning": {"means": {"training_time": 81.737952709198, "eval_loss": NaN, "global_loss": 0.9053353071212769, "local_loss": 1.0071455240249634, "cost_loss": NaN}}}