{"urban_planning": {"means": {"training_time": 104.03069376945496, "eval_loss": NaN, "global_loss": 0.9690713882446289, "local_loss": 1.0407114028930664, "cost_loss": NaN}}}