{"urban_planning": {"means": {"training_time": 102.24162697792053, "eval_loss": NaN, "global_loss": 1.0040557384490967, "local_loss": 0.9821182489395142, "cost_loss": NaN}}}