{"urban_planning": {"means": {"training_time": 86.79170107841492, "eval_loss": NaN, "global_loss": 0.9642381072044373, "local_loss": 0.9098349809646606, "cost_loss": NaN}}}