{"urban_planning": {"means": {"training_time": 86.8693585395813, "eval_loss": NaN, "global_loss": 0.9331833124160767, "local_loss": 1.0193524360656738, "cost_loss": NaN}}}