{"urban_planning": {"means": {"training_time": 106.06767773628235, "eval_loss": NaN, "global_loss": 0.918816089630127, "local_loss": 1.0791882276535034, "cost_loss": NaN}}}