{"urban_planning": {"means": {"training_time": 106.62259125709534, "eval_loss": NaN, "global_loss": 0.9635865688323975, "local_loss": 1.045870304107666, "cost_loss": NaN}}}