{"urban_planning": {"means": {"training_time": 95.99905300140381, "eval_loss": NaN, "global_loss": 0.9114058613777161, "local_loss": 0.9313786029815674, "cost_loss": NaN}}}