{"urban_planning": {"means": {"training_time": 105.87531399726868, "eval_loss": NaN, "global_loss": 0.9664672017097473, "local_loss": 0.9863966703414917, "cost_loss": NaN}}}